album,artists,disc_number,duration_ms,explicit,external_ids,external_urls,href,id,is_local,is_playable,name,popularity,preview_url,track_number,type,uri
"{'album_type': 'album', 'artists': [{'external_urls': {'spotify': 'https://open.spotify.com/artist/36QJpDe2go2KgaRleHCDTp'}, 'href': 'https://api.spotify.com/v1/artists/36QJpDe2go2KgaRleHCDTp', 'id': '36QJpDe2go2KgaRleHCDTp', 'name': 'Led Zeppelin', 'type': 'artist', 'uri': 'spotify:artist:36QJpDe2go2KgaRleHCDTp'}], 'external_urls': {'spotify': 'https://open.spotify.com/album/44Ig8dzqOkvkGDzaUof9lK'}, 'href': 'https://api.spotify.com/v1/albums/44Ig8dzqOkvkGDzaUof9lK', 'id': '44Ig8dzqOkvkGDzaUof9lK', 'images': [{'height': 640, 'url': 'https://i.scdn.co/image/ab67616d0000b273c8a11e48c91a982d086afc69', 'width': 640}, {'height': 300, 'url': 'https://i.scdn.co/image/ab67616d00001e02c8a11e48c91a982d086afc69', 'width': 300}, {'height': 64, 'url': 'https://i.scdn.co/image/ab67616d00004851c8a11e48c91a982d086afc69', 'width': 64}], 'name': 'Led Zeppelin IV (Deluxe Edition)', 'release_date': '1971-11-08', 'release_date_precision': 'day', 'total_tracks': 16, 'type': 'album', 'uri': 'spotify:album:44Ig8dzqOkvkGDzaUof9lK'}","[{'external_urls': {'spotify': 'https://open.spotify.com/artist/36QJpDe2go2KgaRleHCDTp'}, 'href': 'https://api.spotify.com/v1/artists/36QJpDe2go2KgaRleHCDTp', 'id': '36QJpDe2go2KgaRleHCDTp', 'name': 'Led Zeppelin', 'type': 'artist', 'uri': 'spotify:artist:36QJpDe2go2KgaRleHCDTp'}]",1,482830,False,{'isrc': 'USAT21300959'},{'spotify': 'https://open.spotify.com/track/5CQ30WqJwcep0pYcV4AMNc'},https://api.spotify.com/v1/tracks/5CQ30WqJwcep0pYcV4AMNc,5CQ30WqJwcep0pYcV4AMNc,False,True,Stairway to Heaven - Remaster,78,https://p.scdn.co/mp3-preview/8226164717312bc411f8635580562d67e191a754?cid=940e516de56949eab620dd24470e2104,4,track,spotify:track:5CQ30WqJwcep0pYcV4AMNc
"{'album_type': 'album', 'artists': [{'external_urls': {'spotify': 'https://open.spotify.com/artist/36QJpDe2go2KgaRleHCDTp'}, 'href': 'https://api.spotify.com/v1/artists/36QJpDe2go2KgaRleHCDTp', 'id': '36QJpDe2go2KgaRleHCDTp', 'name': 'Led Zeppelin', 'type': 'artist', 'uri': 'spotify:artist:36QJpDe2go2KgaRleHCDTp'}], 'external_urls': {'spotify': 'https://open.spotify.com/album/70lQYZtypdCALtFVlQAcvx'}, 'href': 'https://api.spotify.com/v1/albums/70lQYZtypdCALtFVlQAcvx', 'id': '70lQYZtypdCALtFVlQAcvx', 'images': [{'height': 640, 'url': 'https://i.scdn.co/image/ab67616d0000b273fc4f17340773c6c3579fea0d', 'width': 640}, {'height': 300, 'url': 'https://i.scdn.co/image/ab67616d00001e02fc4f17340773c6c3579fea0d', 'width': 300}, {'height': 64, 'url': 'https://i.scdn.co/image/ab67616d00004851fc4f17340773c6c3579fea0d', 'width': 64}], 'name': 'Led Zeppelin II (1994 Remaster)', 'release_date': '1969-10-22', 'release_date_precision': 'day', 'total_tracks': 9, 'type': 'album', 'uri': 'spotify:album:70lQYZtypdCALtFVlQAcvx'}","[{'external_urls': {'spotify': 'https://open.spotify.com/artist/36QJpDe2go2KgaRleHCDTp'}, 'href': 'https://api.spotify.com/v1/artists/36QJpDe2go2KgaRleHCDTp', 'id': '36QJpDe2go2KgaRleHCDTp', 'name': 'Led Zeppelin', 'type': 'artist', 'uri': 'spotify:artist:36QJpDe2go2KgaRleHCDTp'}]",1,333893,False,{'isrc': 'USAT29900471'},{'spotify': 'https://open.spotify.com/track/0hCB0YR03f6AmQaHbwWDe8'},https://api.spotify.com/v1/tracks/0hCB0YR03f6AmQaHbwWDe8,0hCB0YR03f6AmQaHbwWDe8,False,True,Whole Lotta Love - 1990 Remaster,77,https://p.scdn.co/mp3-preview/ce11b19a4d2de9976d7626df0717d0073863909c?cid=940e516de56949eab620dd24470e2104,1,track,spotify:track:0hCB0YR03f6AmQaHbwWDe8
"{'album_type': 'album', 'artists': [{'external_urls': {'spotify': 'https://open.spotify.com/artist/36QJpDe2go2KgaRleHCDTp'}, 'href': 'https://api.spotify.com/v1/artists/36QJpDe2go2KgaRleHCDTp', 'id': '36QJpDe2go2KgaRleHCDTp', 'name': 'Led Zeppelin', 'type': 'artist', 'uri': 'spotify:artist:36QJpDe2go2KgaRleHCDTp'}], 'external_urls': {'spotify': 'https://open.spotify.com/album/6P5QHz4XtxOmS5EuiGIPut'}, 'href': 'https://api.spotify.com/v1/albums/6P5QHz4XtxOmS5EuiGIPut', 'id': '6P5QHz4XtxOmS5EuiGIPut', 'images': [{'height': 640, 'url': 'https://i.scdn.co/image/ab67616d0000b27390a50cfe99a4c19ff3cbfbdb', 'width': 640}, {'height': 300, 'url': 'https://i.scdn.co/image/ab67616d00001e0290a50cfe99a4c19ff3cbfbdb', 'width': 300}, {'height': 64, 'url': 'https://i.scdn.co/image/ab67616d0000485190a50cfe99a4c19ff3cbfbdb', 'width': 64}], 'name': 'Led Zeppelin III (Remaster)', 'release_date': '1970', 'release_date_precision': 'year', 'total_tracks': 10, 'type': 'album', 'uri': 'spotify:album:6P5QHz4XtxOmS5EuiGIPut'}","[{'external_urls': {'spotify': 'https://open.spotify.com/artist/36QJpDe2go2KgaRleHCDTp'}, 'href': 'https://api.spotify.com/v1/artists/36QJpDe2go2KgaRleHCDTp', 'id': '36QJpDe2go2KgaRleHCDTp', 'name': 'Led Zeppelin', 'type': 'artist', 'uri': 'spotify:artist:36QJpDe2go2KgaRleHCDTp'}]",1,146250,False,{'isrc': 'USAT21300934'},{'spotify': 'https://open.spotify.com/track/78lgmZwycJ3nzsdgmPPGNx'},https://api.spotify.com/v1/tracks/78lgmZwycJ3nzsdgmPPGNx,78lgmZwycJ3nzsdgmPPGNx,False,True,Immigrant Song - Remaster,76,https://p.scdn.co/mp3-preview/8455599677a13017978dcd3f4b210937f0a16bcb?cid=940e516de56949eab620dd24470e2104,1,track,spotify:track:78lgmZwycJ3nzsdgmPPGNx
"{'album_type': 'album', 'artists': [{'external_urls': {'spotify': 'https://open.spotify.com/artist/36QJpDe2go2KgaRleHCDTp'}, 'href': 'https://api.spotify.com/v1/artists/36QJpDe2go2KgaRleHCDTp', 'id': '36QJpDe2go2KgaRleHCDTp', 'name': 'Led Zeppelin', 'type': 'artist', 'uri': 'spotify:artist:36QJpDe2go2KgaRleHCDTp'}], 'external_urls': {'spotify': 'https://open.spotify.com/album/44Ig8dzqOkvkGDzaUof9lK'}, 'href': 'https://api.spotify.com/v1/albums/44Ig8dzqOkvkGDzaUof9lK', 'id': '44Ig8dzqOkvkGDzaUof9lK', 'images': [{'height': 640, 'url': 'https://i.scdn.co/image/ab67616d0000b273c8a11e48c91a982d086afc69', 'width': 640}, {'height': 300, 'url': 'https://i.scdn.co/image/ab67616d00001e02c8a11e48c91a982d086afc69', 'width': 300}, {'height': 64, 'url': 'https://i.scdn.co/image/ab67616d00004851c8a11e48c91a982d086afc69', 'width': 64}], 'name': 'Led Zeppelin IV (Deluxe Edition)', 'release_date': '1971-11-08', 'release_date_precision': 'day', 'total_tracks': 16, 'type': 'album', 'uri': 'spotify:album:44Ig8dzqOkvkGDzaUof9lK'}","[{'external_urls': {'spotify': 'https://open.spotify.com/artist/36QJpDe2go2KgaRleHCDTp'}, 'href': 'https://api.spotify.com/v1/artists/36QJpDe2go2KgaRleHCDTp', 'id': '36QJpDe2go2KgaRleHCDTp', 'name': 'Led Zeppelin', 'type': 'artist', 'uri': 'spotify:artist:36QJpDe2go2KgaRleHCDTp'}]",1,295386,False,{'isrc': 'USAT21300956'},{'spotify': 'https://open.spotify.com/track/3qT4bUD1MaWpGrTwcvguhb'},https://api.spotify.com/v1/tracks/3qT4bUD1MaWpGrTwcvguhb,3qT4bUD1MaWpGrTwcvguhb,False,True,Black Dog - Remaster,72,https://p.scdn.co/mp3-preview/9b76619fd9d563a48d38cc90ca00c3008327b52e?cid=940e516de56949eab620dd24470e2104,1,track,spotify:track:3qT4bUD1MaWpGrTwcvguhb
"{'album_type': 'album', 'artists': [{'external_urls': {'spotify': 'https://open.spotify.com/artist/36QJpDe2go2KgaRleHCDTp'}, 'href': 'https://api.spotify.com/v1/artists/36QJpDe2go2KgaRleHCDTp', 'id': '36QJpDe2go2KgaRleHCDTp', 'name': 'Led Zeppelin', 'type': 'artist', 'uri': 'spotify:artist:36QJpDe2go2KgaRleHCDTp'}], 'external_urls': {'spotify': 'https://open.spotify.com/album/70lQYZtypdCALtFVlQAcvx'}, 'href': 'https://api.spotify.com/v1/albums/70lQYZtypdCALtFVlQAcvx', 'id': '70lQYZtypdCALtFVlQAcvx', 'images': [{'height': 640, 'url': 'https://i.scdn.co/image/ab67616d0000b273fc4f17340773c6c3579fea0d', 'width': 640}, {'height': 300, 'url': 'https://i.scdn.co/image/ab67616d00001e02fc4f17340773c6c3579fea0d', 'width': 300}, {'height': 64, 'url': 'https://i.scdn.co/image/ab67616d00004851fc4f17340773c6c3579fea0d', 'width': 64}], 'name': 'Led Zeppelin II (1994 Remaster)', 'release_date': '1969-10-22', 'release_date_precision': 'day', 'total_tracks': 9, 'type': 'album', 'uri': 'spotify:album:70lQYZtypdCALtFVlQAcvx'}","[{'external_urls': {'spotify': 'https://open.spotify.com/artist/36QJpDe2go2KgaRleHCDTp'}, 'href': 'https://api.spotify.com/v1/artists/36QJpDe2go2KgaRleHCDTp', 'id': '36QJpDe2go2KgaRleHCDTp', 'name': 'Led Zeppelin', 'type': 'artist', 'uri': 'spotify:artist:36QJpDe2go2KgaRleHCDTp'}]",1,263333,False,{'isrc': 'USAT29900477'},{'spotify': 'https://open.spotify.com/track/3MODES4TNtygekLl146Dxd'},https://api.spotify.com/v1/tracks/3MODES4TNtygekLl146Dxd,3MODES4TNtygekLl146Dxd,False,True,Ramble On - 1990 Remaster,70,https://p.scdn.co/mp3-preview/83383aceb01ea27b0bffdedfaebe55e29b33aca2?cid=940e516de56949eab620dd24470e2104,7,track,spotify:track:3MODES4TNtygekLl146Dxd
"{'album_type': 'album', 'artists': [{'external_urls': {'spotify': 'https://open.spotify.com/artist/36QJpDe2go2KgaRleHCDTp'}, 'href': 'https://api.spotify.com/v1/artists/36QJpDe2go2KgaRleHCDTp', 'id': '36QJpDe2go2KgaRleHCDTp', 'name': 'Led Zeppelin', 'type': 'artist', 'uri': 'spotify:artist:36QJpDe2go2KgaRleHCDTp'}], 'external_urls': {'spotify': 'https://open.spotify.com/album/1lZahjeu4AhPkg9JARZr5F'}, 'href': 'https://api.spotify.com/v1/albums/1lZahjeu4AhPkg9JARZr5F', 'id': '1lZahjeu4AhPkg9JARZr5F', 'images': [{'height': 640, 'url': 'https://i.scdn.co/image/ab67616d0000b2732abc2d86a442efb6cc631d0a', 'width': 640}, {'height': 300, 'url': 'https://i.scdn.co/image/ab67616d00001e022abc2d86a442efb6cc631d0a', 'width': 300}, {'height': 64, 'url': 'https://i.scdn.co/image/ab67616d000048512abc2d86a442efb6cc631d0a', 'width': 64}], 'name': 'Physical Graffiti (1994 Remaster)', 'release_date': '1975-02-24', 'release_date_precision': 'day', 'total_tracks': 15, 'type': 'album', 'uri': 'spotify:album:1lZahjeu4AhPkg9JARZr5F'}","[{'external_urls': {'spotify': 'https://open.spotify.com/artist/36QJpDe2go2KgaRleHCDTp'}, 'href': 'https://api.spotify.com/v1/artists/36QJpDe2go2KgaRleHCDTp', 'id': '36QJpDe2go2KgaRleHCDTp', 'name': 'Led Zeppelin', 'type': 'artist', 'uri': 'spotify:artist:36QJpDe2go2KgaRleHCDTp'}]",1,508200,False,{'isrc': 'USAT29900621'},{'spotify': 'https://open.spotify.com/track/2nVHqZbOGkKWzlcy1aMbE7'},https://api.spotify.com/v1/tracks/2nVHqZbOGkKWzlcy1aMbE7,2nVHqZbOGkKWzlcy1aMbE7,False,True,Kashmir - 1990 Remaster,69,https://p.scdn.co/mp3-preview/13b2c47c98132f80a5ce12d8a4ceb192ba7a4345?cid=940e516de56949eab620dd24470e2104,6,track,spotify:track:2nVHqZbOGkKWzlcy1aMbE7
"{'album_type': 'album', 'artists': [{'external_urls': {'spotify': 'https://open.spotify.com/artist/36QJpDe2go2KgaRleHCDTp'}, 'href': 'https://api.spotify.com/v1/artists/36QJpDe2go2KgaRleHCDTp', 'id': '36QJpDe2go2KgaRleHCDTp', 'name': 'Led Zeppelin', 'type': 'artist', 'uri': 'spotify:artist:36QJpDe2go2KgaRleHCDTp'}], 'external_urls': {'spotify': 'https://open.spotify.com/album/3ycjBixZf7S3WpC5WZhhUK'}, 'href': 'https://api.spotify.com/v1/albums/3ycjBixZf7S3WpC5WZhhUK', 'id': '3ycjBixZf7S3WpC5WZhhUK', 'images': [{'height': 640, 'url': 'https://i.scdn.co/image/ab67616d0000b2736f2f499c1df1f210c9b34b32', 'width': 640}, {'height': 300, 'url': 'https://i.scdn.co/image/ab67616d00001e026f2f499c1df1f210c9b34b32', 'width': 300}, {'height': 64, 'url': 'https://i.scdn.co/image/ab67616d000048516f2f499c1df1f210c9b34b32', 'width': 64}], 'name': 'Led Zeppelin', 'release_date': '1969-01-12', 'release_date_precision': 'day', 'total_tracks': 9, 'type': 'album', 'uri': 'spotify:album:3ycjBixZf7S3WpC5WZhhUK'}","[{'external_urls': {'spotify': 'https://open.spotify.com/artist/36QJpDe2go2KgaRleHCDTp'}, 'href': 'https://api.spotify.com/v1/artists/36QJpDe2go2KgaRleHCDTp', 'id': '36QJpDe2go2KgaRleHCDTp', 'name': 'Led Zeppelin', 'type': 'artist', 'uri': 'spotify:artist:36QJpDe2go2KgaRleHCDTp'}]",1,166266,False,{'isrc': 'USAT29900534'},{'spotify': 'https://open.spotify.com/track/0QwZfbw26QeUoIy82Z2jYp'},https://api.spotify.com/v1/tracks/0QwZfbw26QeUoIy82Z2jYp,0QwZfbw26QeUoIy82Z2jYp,False,True,Good Times Bad Times - 1993 Remaster,69,https://p.scdn.co/mp3-preview/c1f024eb57b569b926c8e68cab0a6056dc7d9654?cid=940e516de56949eab620dd24470e2104,1,track,spotify:track:0QwZfbw26QeUoIy82Z2jYp
"{'album_type': 'album', 'artists': [{'external_urls': {'spotify': 'https://open.spotify.com/artist/36QJpDe2go2KgaRleHCDTp'}, 'href': 'https://api.spotify.com/v1/artists/36QJpDe2go2KgaRleHCDTp', 'id': '36QJpDe2go2KgaRleHCDTp', 'name': 'Led Zeppelin', 'type': 'artist', 'uri': 'spotify:artist:36QJpDe2go2KgaRleHCDTp'}], 'external_urls': {'spotify': 'https://open.spotify.com/album/44Ig8dzqOkvkGDzaUof9lK'}, 'href': 'https://api.spotify.com/v1/albums/44Ig8dzqOkvkGDzaUof9lK', 'id': '44Ig8dzqOkvkGDzaUof9lK', 'images': [{'height': 640, 'url': 'https://i.scdn.co/image/ab67616d0000b273c8a11e48c91a982d086afc69', 'width': 640}, {'height': 300, 'url': 'https://i.scdn.co/image/ab67616d00001e02c8a11e48c91a982d086afc69', 'width': 300}, {'height': 64, 'url': 'https://i.scdn.co/image/ab67616d00004851c8a11e48c91a982d086afc69', 'width': 64}], 'name': 'Led Zeppelin IV (Deluxe Edition)', 'release_date': '1971-11-08', 'release_date_precision': 'day', 'total_tracks': 16, 'type': 'album', 'uri': 'spotify:album:44Ig8dzqOkvkGDzaUof9lK'}","[{'external_urls': {'spotify': 'https://open.spotify.com/artist/36QJpDe2go2KgaRleHCDTp'}, 'href': 'https://api.spotify.com/v1/artists/36QJpDe2go2KgaRleHCDTp', 'id': '36QJpDe2go2KgaRleHCDTp', 'name': 'Led Zeppelin', 'type': 'artist', 'uri': 'spotify:artist:36QJpDe2go2KgaRleHCDTp'}]",1,220560,False,{'isrc': 'USAT21300957'},{'spotify': 'https://open.spotify.com/track/4PRGxHpCpF2yoOHYKQIEwD'},https://api.spotify.com/v1/tracks/4PRGxHpCpF2yoOHYKQIEwD,4PRGxHpCpF2yoOHYKQIEwD,False,True,Rock and Roll - Remaster,67,https://p.scdn.co/mp3-preview/e7ea8a13f7caf6942c5447e9cd96aac2a076d85a?cid=940e516de56949eab620dd24470e2104,2,track,spotify:track:4PRGxHpCpF2yoOHYKQIEwD
"{'album_type': 'album', 'artists': [{'external_urls': {'spotify': 'https://open.spotify.com/artist/36QJpDe2go2KgaRleHCDTp'}, 'href': 'https://api.spotify.com/v1/artists/36QJpDe2go2KgaRleHCDTp', 'id': '36QJpDe2go2KgaRleHCDTp', 'name': 'Led Zeppelin', 'type': 'artist', 'uri': 'spotify:artist:36QJpDe2go2KgaRleHCDTp'}], 'external_urls': {'spotify': 'https://open.spotify.com/album/44Ig8dzqOkvkGDzaUof9lK'}, 'href': 'https://api.spotify.com/v1/albums/44Ig8dzqOkvkGDzaUof9lK', 'id': '44Ig8dzqOkvkGDzaUof9lK', 'images': [{'height': 640, 'url': 'https://i.scdn.co/image/ab67616d0000b273c8a11e48c91a982d086afc69', 'width': 640}, {'height': 300, 'url': 'https://i.scdn.co/image/ab67616d00001e02c8a11e48c91a982d086afc69', 'width': 300}, {'height': 64, 'url': 'https://i.scdn.co/image/ab67616d00004851c8a11e48c91a982d086afc69', 'width': 64}], 'name': 'Led Zeppelin IV (Deluxe Edition)', 'release_date': '1971-11-08', 'release_date_precision': 'day', 'total_tracks': 16, 'type': 'album', 'uri': 'spotify:album:44Ig8dzqOkvkGDzaUof9lK'}","[{'external_urls': {'spotify': 'https://open.spotify.com/artist/36QJpDe2go2KgaRleHCDTp'}, 'href': 'https://api.spotify.com/v1/artists/36QJpDe2go2KgaRleHCDTp', 'id': '36QJpDe2go2KgaRleHCDTp', 'name': 'Led Zeppelin', 'type': 'artist', 'uri': 'spotify:artist:36QJpDe2go2KgaRleHCDTp'}]",1,212160,False,{'isrc': 'USAT21300962'},{'spotify': 'https://open.spotify.com/track/70gbuMqwNBE2Y5rkQJE9By'},https://api.spotify.com/v1/tracks/70gbuMqwNBE2Y5rkQJE9By,70gbuMqwNBE2Y5rkQJE9By,False,True,Going to California - Remaster,67,https://p.scdn.co/mp3-preview/4bdae56c6a9f7a8ec42b753cb7bea2c77ec68f1e?cid=940e516de56949eab620dd24470e2104,7,track,spotify:track:70gbuMqwNBE2Y5rkQJE9By
"{'album_type': 'album', 'artists': [{'external_urls': {'spotify': 'https://open.spotify.com/artist/36QJpDe2go2KgaRleHCDTp'}, 'href': 'https://api.spotify.com/v1/artists/36QJpDe2go2KgaRleHCDTp', 'id': '36QJpDe2go2KgaRleHCDTp', 'name': 'Led Zeppelin', 'type': 'artist', 'uri': 'spotify:artist:36QJpDe2go2KgaRleHCDTp'}], 'external_urls': {'spotify': 'https://open.spotify.com/album/4wVHvawxZy52Oemd4sGyUm'}, 'href': 'https://api.spotify.com/v1/albums/4wVHvawxZy52Oemd4sGyUm', 'id': '4wVHvawxZy52Oemd4sGyUm', 'images': [{'height': 640, 'url': 'https://i.scdn.co/image/ab67616d0000b273b66922383836fd1f0973018f', 'width': 640}, {'height': 300, 'url': 'https://i.scdn.co/image/ab67616d00001e02b66922383836fd1f0973018f', 'width': 300}, {'height': 64, 'url': 'https://i.scdn.co/image/ab67616d00004851b66922383836fd1f0973018f', 'width': 64}], 'name': 'In Through the out Door (1994 Remaster)', 'release_date': '1979-08-15', 'release_date_precision': 'day', 'total_tracks': 7, 'type': 'album', 'uri': 'spotify:album:4wVHvawxZy52Oemd4sGyUm'}","[{'external_urls': {'spotify': 'https://open.spotify.com/artist/36QJpDe2go2KgaRleHCDTp'}, 'href': 'https://api.spotify.com/v1/artists/36QJpDe2go2KgaRleHCDTp', 'id': '36QJpDe2go2KgaRleHCDTp', 'name': 'Led Zeppelin', 'type': 'artist', 'uri': 'spotify:artist:36QJpDe2go2KgaRleHCDTp'}]",1,351266,False,{'isrc': 'USAT29900640'},{'spotify': 'https://open.spotify.com/track/6lrh9jZ1xoMwoErgPSj2rY'},https://api.spotify.com/v1/tracks/6lrh9jZ1xoMwoErgPSj2rY,6lrh9jZ1xoMwoErgPSj2rY,False,True,All My Love - 1990 Remaster,64,https://p.scdn.co/mp3-preview/d03424a544dcc5102703ebb081fd321dc5567b32?cid=940e516de56949eab620dd24470e2104,6,track,spotify:track:6lrh9jZ1xoMwoErgPSj2rY
